{"cameraMode":{"drawMode":0,"name":"Shaded","section":"Shading Mode"},"sceneLighting":false,"audioPlay":false,"sceneViewState":{"showFog":true,"showMaterialUpdate":false,"showSkybox":false,"showFlares":true,"showImageEffects":true,"showParticleSystems":true},"in2DMode":false,"pivot":{"x":-170.63351440429688,"y":54.11521911621094,"z":135.69876098632813},"rotation":{"x":0.037383273243904117,"y":0.4999655783176422,"z":0.021604670211672784,"w":-0.8649722933769226},"size":132.23731994628907,"orthographic":false}