{"cameraMode":{"drawMode":0,"name":"Shaded","section":"Shading Mode"},"sceneLighting":true,"audioPlay":false,"sceneViewState":{"showFog":true,"showMaterialUpdate":false,"showSkybox":true,"showFlares":true,"showImageEffects":true,"showParticleSystems":true},"in2DMode":false,"pivot":{"x":-52.511802673339847,"y":12.644338607788086,"z":69.67222595214844},"rotation":{"x":-0.017002636566758157,"y":0.8477233052253723,"z":0.027223212644457818,"w":0.5294701457023621},"size":329.3266296386719,"orthographic":true}