{"cameraMode":{"drawMode":0,"name":"Shaded","section":"Shading Mode"},"sceneLighting":false,"audioPlay":false,"sceneViewState":{"showFog":true,"showMaterialUpdate":false,"showSkybox":false,"showFlares":true,"showImageEffects":true,"showParticleSystems":true},"in2DMode":false,"pivot":{"x":-6.4029860496521,"y":35.286624908447269,"z":15.570383071899414},"rotation":{"x":-0.27288442850112917,"y":0.29898956418037417,"z":-0.08959472179412842,"w":-0.9100409746170044},"size":1.423911690711975,"orthographic":false}